а_* именно_*	Z5/A4.2+ Z5/A5.3+ Z5/A14
а_* не_* то_*	Z5
а_* также_*	Z5/A1.8+
а_* то_*	Z5
без_* *_A-PRO ведома_* 	X2.2- S7.4-
без_* *_A-PRO помощи_*	S8-
без_* *_A-PRO участия_*	S1.1.3-
без_* {видим*/всяк*/внешн*/особ*/определенн*/ясн*/явн*} причин*_*	X2.5- A2.2-
без_* {видим*/малейш*/всяк*/лишн*/излишн*/явн*/особ*/особенн*} колебани*_*	A7+
без_* {всяк*/лишн*/излишн*/дальн*/особ*/особенн*} разговор*_*	N3.8+ A6.1+
без_* {всяк*/лишн*/излишн*/определенн*/особ*/особенн*} проблем*_*	A12+
без_* {всяк*/лишн*/излишн*/определенн*/явн*/специальн*/особ*/особенн*} усили*_*	A12+
без_* {всяк*/лишн*/излишн*/особ*/особенн*} проволоч*_*	N3.8+
без_* {всяк*/лишн*/излишн*/специальн*/особ*/особенн*} комментари*_*	Q2.1 Q4 A10-
без_* {всяк*/лишн*/излишн*/специальн*/ясн*/особ*/особенн*} объяснени*_*	Q2.2 A2.2
без_* {всяк*/лишн*/особ*/особенн*} предислови*_*  T1.1.2/N3.8+
без_* {всяк*/малейш*/внешн*/определенн*/ясн*/явн*/особ*} повод*_*	X2.5- A2.2-
без_* {всяк*/малейш*/лишн*/излишн*/особ*/особенн*} задерж*_*	N3.8+
без_* {всяк*/малейш*/лишн*/излишн*/особ*/особенн*} сомнени*_*	A7+
без_* {всяк*/малейш*/определенн*/специальн*/особ*/особенн*/ясн*/явн*} основани*_*	X2.5- A2.2-
без_* {всяк*/малейш*/определенн*/специальн*/явн*/особ*/особенн*} изменени*_*	A2.1-
без_* {всяк*/малейш*/особ*} запин*_*	        Q2.1/X9.1+ A5.3+/Q2.1
без_* {всяк*/особ*/особенн*/традиционн*} угощени*_*	F1-
без_* {всяк*/особ*/особенн*} разбор*_*	        A4.2-
без_* {всяк*/особ*/особенн*} раскаяни*_*          E4.2-
без_* {всяк*/особ*} надежд*_*	                    X2.6-
без_* {всяк*/особ*} перерыв*_*                    T2++
без_* {всяк*/особ*} подарк*_*                     A9-/Z6
без_* {всяк*/специальн*/особ*/особенн*} согласовани*_*	S7.1-
без_* {всяк*/специальн*/особ*} ограничени*_*      A1.7-
без_* {всяк*/специальн*} останов*_*	              T2++
без_* {всяк*/явн*} опасени*_*                     E5+
без_* {всяк*} переход*_*	                    A2.1-
без_* {всяк*} след*_*	                          A11.2- A13.2
без_* {всяких/лишних/излишних/дальних/особых} слов_*	Q2.1 N3.8+
без_* {всяких/лишних/излишних/особых/особенных} затей_*	A12+ O4.1
без_* {всяких/лишних/излишних/особых/особенных} прелюдий_*	T1.1.2/N3.8+
без_* {всяких/лишних/излишних/особых/особенных} церемоний_*	A12+ A10+ S1.2.1+ S7.2-
без_* {всяких/лишних/излишних/особых} чувств_*    B1 E1-
без_* {всяких/лишних/особых} обиняков_*	        A10+/Q2.1
без_* {всяких/лишних} свидетелей_*                S5-
без_* {всяких/малейших/лишних/излишних/дальних/особых/особенных} раздумий_*	A7+
без_* {всяких/определенных/особых/особенных} удобств_*	A1.5.2 O2/H5
без_* {всяких/определенных/особых} границ_*       A1.7-
без_* {всяких/определенных/специальных/особых} документов_*	Q1.2-
без_* {всяких/определенных/специальных} условий_*	O4.1 S6-
без_* {всяких/особых} прав_*                      G1.2 S7.4- G2.2- I2.2
без_* {всяких/особых} традиций                    S1.1.1
без_* {всяких} галстуков_*                        B5- A1.7-
без_* {всяких} кавычек_*	                    Q1.2 Q3 A10+
без_* {всяких} купюр_*	                          Q1.2 Q4 A10+
без_* {всяких} посторонних_*	                    S5-
без_* {всяких} штанов_*	                          B5 A9-
без_* {всякого/лишнего/излишнего/особого/особенного} пафоса_*	X5.2-
без_* {всякого/лишнего/излишнего/особого/особенного} шума_*	X3.2- A11.2-
без_* {всякого/лишнего/излишнего/особого/особенного} энтузиазма_*	X5.2-
без_* {всякого/лишнего/особого/особенного} труда_*	A12+
без_* {всякого/малейшего/лишнего/излишнего/особого/особенного} стеснения_*	E6+ A10+ A1.7-
без_* {всякого/малейшего/лишнего} звука_*	        X3.2-
без_* {всякого/малейшего/определенного/явного/специального/особого} интереса_*	X5.2-
без_* {всякого/малейшего/специального} внимания_*	X5.1- A1.9
без_* {всякого/определенного/особого} гражданства_*	G1.1
без_* {всякого/определенного/особого} дела_*      A1.1.1/Z6
без_* {всякого/особого/особенного} успеха_*       X9.2-
без_* {всякого/особого} присмотра_*	              S7.1+ A1.7-
без_* {всякого/особого} толку_*	              S1.2.6- A1.5.2-
без_* {всякого/специального/особого/особенного} разрешения_*	S7.4-
без_* {всякого/специального/особого/особенного} рассмотрения_*	X2.4-
без_* {всякого/специального/особого/особенного} учета_*	A1.8-
без_* {всякого} ведома_*                          X2.2- S7.4-
без_* {всякого} выражения_*                       E1-
без_* {всякого} головного_* убора_*	              B5-
без_* {всякого} действия_*                        A1.1.1-
без_* {всякого} исключения_*                      A1.8+
без_* {всякого} конца_*                           T2+++
без_* {всякого} начала_*	                    T2++
без_* {всякого} остатка_*	                    N5.1+ A13.2
без_* {всякого} отклика                           Q2.2
без_* {всякого} отрыва_* от_*	                    T1.1.2
без_* {всякого} промах*_*	                    A5.3+
без_* {всякого} сна_*                             В1
без_* {всякого} сознания_*	                    B1 X2.2-
без_* {всякого} стука_*	                          X3.2
без_* {всякого} суда_*	                          G2.1-
без_* {всякого} суда_* и_* следствия_*	        G2.1-
без_* {всякого} удержу_*	                    A1.7-
без_* {всякой/внешней/посторонней/определенной} помощи_*	S8-
без_* {всякой/лишней/излишней/особой/особенной}	суеты_*	N3.8-
без_* {всякой/лишней/излишней/особой/особенной} паники_*	E3+
без_* {всякой/лишней/излишней/особой/особенной} спешки_*	N3.8-
без_* {всякой/определенной} работы_*              I3.1- A1.1.1/Z6
без_* {всякой/особой/особенной} надобности_*      S6-
без_* {всякой/особой/особенной} необходимости_*   S6-
без_* {всякой/особой/особенной} разницы_*	        A11.1-
без_* {всякой/особой} утайки_*	              A10+
без_* {всякой/явной/особой/особенной} опасности_*	A15+
без_* {всякой} веры                               S9 X2.1
без_* {всякой} вести_*                            X2.2-
без_* {всякой} оглядки_*                          X3.4/M6 N3.8+ A7+ A1.3-
без_* {всякой} опаски_*	                          E5+
без_* {всякой} памяти_*	                          X2.2- B1- X5.2+ A13.2
без_* {всякой} пощады_*	                          E3-
без_* {всякой} связи_*	                          A2.2- Q1.3-
без_* {всякой} устали_*	                          X5.2+ T2++
без_* {самого} малого_*	                          A13.4
без_* ведома_* 	Z5/X2.2- Z5/S7.4-
без_* видим*_* {на/то} причин*_*                  X2.5- A2.2-
без_* всяк*_* {задн*} мысл*_*                     A10+/X2.1
без_* всяк*_* {на/то} основани*_*		        X2.5- A2.2-
без_* всяк*_* {на/то} причин*_*		        X2.5- A2.2-
без_* всяких_* {на/то} условий_*                  O4.1 S6-
без_* всякого_* {на/то} разрешения_*              S7.4-
без_* единого_* слова_*	                          Q2.1
без_* задн*_* мысл*_*                             A10+/X2.1
без_* задних_* ног_*	                          A13.3
без_* крова_*	                                H4-
без_* ложной_* скромности_*	                    S1.2.3+
без_* малейш*_* {на/то} основани*_*		        X2.5- A2.2-
без_* начала_* и_* конца_*	                    T2+++
без_* определенн*_* {на/то} основани*_*		  X2.5- A2.2-
без_* определенн*_* {на/то} причин*_*		  X2.5- A2.2-
без_* особ*_* {на/то} основани*_*		        X2.5- A2.2-
без_* особ*_* {на/то} причин*_*		        X2.5- A2.2-
без_* особенн*_* {на/то} основани*_*		  X2.5- A2.2-
без_* особенн*_* {на/то} причин*_*		        X2.5- A2.2-
без_* особенного_* {на/то} разрешения_*           S7.4-
без_* особого_* {на/то} разрешения_*              S7.4-
без_* рук,_* без_* ног_*	                    A13.3
без_* рук_* без_* ног_*	                          A13.3
без_* специального_* {на/то} разрешения_*         S7.4-
без_* сучка,_* без_* задоринки_*	              A12+
без_* сучка_* без_* задоринки_*	              A12+
без_* сучка_* и_* без_* задоринки_*	              A12+
без_* сучка_* и_* задоринки_*	                    A12+
без_* ума_*	                                      X5.2+ A13.2 S1.2.6-
без_* умолку_*	                                T2++
без_* явн*_* {на/то} основани*_*		        X2.5- A2.2-
без_* явн*_* {на/то} причин*_*                    X2.5- A2.2-
без_* ясн*_* {на/то} основани*_*		        X2.5- A2.2-
без_* ясн*_* {на/то} причин*_*		        X2.5- A2.2-
безо_* всяк* разбор*_*	                          A4.2-
безо_* всяк*_* {видим*/внешн*} причин*_*          X2.5- A2.2-
безо_* всяк*_* {видим*/лишн*} колебани*_*         A7+
безо_* всяк*_* {внешн*} повод*_*	              X2.5- A2.2-
безо_* всяк*_* {лишн*} задерж*_*                  N3.8+
безо_* всяк*_* {лишн*} комментари*_*	        Q2.1 Q4 A10-
безо_* всяк*_* {лишн*} объяснени*_*               Q2.2 A2.2
безо_* всяк*_* {лишн*} предислови*_*              T1.1.2/N3.8+
безо_* всяк*_* {лишн*} проблем*_*	              A12+
безо_* всяк*_* {лишн*} проволоч*_*                N3.8+
безо_* всяк*_* {лишн*} разговор*_*                N3.8+ A6.1+
безо_* всяк*_* {лишн*} сомнени*_*	              A7+
безо_* всяк*_* {лишн*} усили*_*	              A12+
безо_* всяк*_* {на/то} основани*_*		        X2.5- A2.2-
безо_* всяк*_* {на/то} причин*_*		        X2.5- A2.2-
безо_* всяк*_* билет*_*                           M3/Q1.2-
безо_* всяк*_* задн* мысл*_*                      A10+/X2.1
безо_* всяк*_* запин*_*	                          Q2.1/X9.1+ A5.3+/Q2.1
безо_* всяк*_* изменени*_*                        A2.1-
безо_* всяк*_* надежд*_*	                    X2.6-
безо_* всяк*_* ограничени*_*                      A1.7-
безо_* всяк*_* опасени*_*                         E5+
безо_* всяк*_* останов*_*	                    T2++
безо_* всяк*_* перерыв*_*	                    T2++
безо_* всяк*_* переход*_*	                    A2.1 -
безо_* всяк*_* подарк*_*                          A9-/Z6
безо_* всяк*_* раскаяни*_*                        E4.2-
безо_* всяк*_* след*_*	                          A11.2- A13.2
безо_* всяк*_* согласовани*_*                     S7.1-
безо_* всяк*_* угощени*_*                         F1-
безо_* всяких_* {лишних} затей_*                  A12+ O4.1
безо_* всяких_* {лишних} прелюдий_*               T1.1.2/N3.8+
безо_* всяких_* {лишних} раздумий_*               A7+
безо_* всяких_* {лишних} свидетелей_*	        S5-
безо_* всяких_* {лишних} слов_*	              Q2.1 N3.8+
безо_* всяких_* {лишних} церемоний_*	        A12+ A10+ S1.2.1+ S7.2-
безо_* всяких_* {лишних} чувств_*	              B1 E1-
безо_* всяких_* {на/то} условий_*                 O4.1 S6-
безо_* всяких_* галстуков_*                       B5- A1.7-
безо_* всяких_* границ_*	                    A1.7-
безо_* всяких_* документов_*                      Q1.2-
безо_* всяких_* кавычек_*	                    Q1.2 Q3 A10+
безо_* всяких_* купюр_*	                          Q1.2 Q4 A10+
безо_* всяких_* обиняков_*                        A10+/Q2.1
безо_* всяких_* посторонних_*	                    S5-
безо_* всяких_* прав_*                            G1.2 S7.4- G2.2- I2.2
безо_* всяких_* традиций                          S1.1.1
безо_* всяких_* удобств_*                         A1.5.2 O2/H5
безо_* всяких_* штанов_*	                    B5 A9-
безо_* всякого_* {лишнего} пафоса_*               X5.2-
безо_* всякого_* {лишнего} стеснения_*            E6+ A10+ A1.7-
безо_* всякого_* {лишнего} шума_*                 X3.2- A11.2-
безо_* всякого_* {на/то} разрешения_*             S7.4-
безо_* всякого_* ведома_*                         X2.2- S7.4-
безо_* всякого_* внимания_*	                    X5.1- A1.9
безо_* всякого_* выражения_*                      E1-
безо_* всякого_* головного_* убора_*	        B5-
безо_* всякого_* гражданства_*                    G1.1
безо_* всякого_* действия_*                       A1.1.1-
безо_* всякого_* дела_*	                          A1.1.1/Z6
безо_* всякого_* звука_*                          X3.2-
безо_* всякого_* интереса_*	                    X5.2-
безо_* всякого_* исключения_*                     A1.8+
безо_* всякого_* конца_*                          T2+++
безо_* всякого_* начала_*	                    T2++
безо_* всякого_* остатка_*	                    N5.1+ A13.2
безо_* всякого_* отклика                          Q2.2
безо_* всякого_* отрыва_* от_*	              T1.1.2
безо_* всякого_* присмотра_*	                    S7.1+ A1.7-
безо_* всякого_* промах*_*                        A5.3+
безо_* всякого_* разрешения_*                     S7.4-
безо_* всякого_* рассмотрения_*                   X2.4-
безо_* всякого_* сна_*                            В1
безо_* всякого_* сознания_*	                    B1 X2.2-
безо_* всякого_* стука_*	                    X3.2
безо_* всякого_* суда_*	                          G2.1-
безо_* всякого_* суда_* и_* следствия_*	        G2.1-
безо_* всякого_* толку_*	                    S1.2.6- A1.5.2-
безо_* всякого_* труда_*	                    A12+
безо_* всякого_* удержу_*	                    A1.7-
безо_* всякого_* успеха_*	                    X9.2-
безо_* всякого_* учета_*	                    A1.8-
безо_* всякого_* энтузиазма_*	                    X5.2-
безо_* всякой_* {лишней} паники_*                 E3+
безо_* всякой_* {лишней} спешки_*	              N3.8-
безо_* всякой_* {лишней} суеты_*	              N3.8-
безо_* всякой_* {посторонней/внешней} помощи_*    S8-
безо_* всякой_* веры                              S9 X2.1
безо_* всякой_* вести_*                           X2.2-
безо_* всякой_* надобности_*                      S6-
безо_* всякой_* необходимости_*                  S6-
безо_* всякой_* оглядки_*	                    X3.4/M6 N3.8+ A7+ A1.3-
безо_* всякой_* опаски_*	                    E5+
безо_* всякой_* опасности_*                       A15+
безо_* всякой_* памяти_*	                    X2.2- B1- X5.2+ A13.2
безо_* всякой_* пощады_*	                    E3-
безо_* всякой_* работы_*	                    I3.1- A1.1.1/Z6
безо_* всякой_* разницы_*	                    A11.1-
безо_* всякой_* связи_*	                          A2.2- Q1.3-
безо_* всякой_* устали_*	                    X5.2+ T2++
безо_* всякой_* утайки_*	                    A10+
благо_* что_*	Z5
бога_* ради_*	                                Z4
более_* того_*	Z5
больше_* того_*	Z5
будто_* бы_*	Z5/A7-
будь_* то_*	Z5
быть_* может_*	Z5/A7
в_* *_A-NUM очередь_*	                          N4
в_* {конечном} итоге_*	                          A2.2
в_* {любом} случае_*	                          A1.3+
в_* {общей} сумме_*	                          N5 N5.1+
в_* {общий} зачет_*	                          N5 K5
в_* {полном} составе_*	                          A1.8+ N5.1
в_* {полном} неведении_*	                    X2.2-
в_* {прямом} эфире_*	                          Q4.3
в_* {сам*} гущ*_*	                                N5+
в_* {сам*} разгар*_*	                          X5.2+ N5.1+
в_* {само*} пекл*_*                               A15-
в_* {самое} ближайшее_* время_*	              T1.1.3/N3.8+
в_* {самый} канун_*	                          T2+
в_* {самый} критический_* момент_*	              T1.2/A11.1+++
в_* {том} числе_*	                                A1.8+
в_* {этой} связи_*	                          A2.2
в_* {этом} контексте_*	                          A2.2
в_* {этом} смысле_*	                          X2.1
в_* ажуре_*	                                      A5.1+
в_* большей_* мере_*	                          A13.3
в_* большой_* степени_*	                          A13.3
в_* высшей_* степени_*	                          A13.2
в_* глаза_*	                                      A10+
в_* глубь_*	                                      M6
в_* гости_*                                       S1.1.1
в_* гостях_*                                      S1.1.1
в_* дальнейшем_*	                                T1.1.3 N4
в_* зависимости_* от_*	                          A2.2
в_* зачете_*	                                N5 K5
в_* значительной_* мере_*	                    A13.3
в_* значительной_* степени_*	                    A13.3
в_* какой-то_* мере_*	                          A13.4
в_* какой-то_* степени_*	                    A13.4
в_* кои-то_* веки_*	                          N6-
в_* конце_* концов_*	                          N4
в_* который_* {уже} раз_*	                    N6+
в_* крови_*	                                      O4.1 B2-
в_* кулуарах_*	                                H2/S1.2.1+
в_* курсе_*	                                      X2.2+
в_* лесу_*	                                      M7/W3
в_* летах_*	                                      T3+
в_* лицо_*	                                      A10+
в_* лучшем_* случае_*                             A5.1+
в_* любой_* момент_*	                          T1.1
в_* меньшей_* мере_*	                          A13.6
в_* накладе_*	                                I1.1-
в_* настоящее_* время_*	                          T1.1.2
в_* настоящий_* момент_*                          T1.1.2
в_* непосредственной_* близости_*	              N3.3-
в_* обнимку_*	                                S3.2
в_* обрез_* _*	                                N5-
в_* общей_* сложности_*	                          N5 N5.1+
в_* общем-то_*	                                A4.2- A13.2 Z4
в_* общем_*	                                      A4.2- A13.2 Z4
в_* общем_* и_* целом_*                           N5.1+ A13.2
в_* общих_* чертах_*	                          A13.4
в_* один_* момент_*	                          T1.2/N3.8+++
в_* один_* прекрасный_* день_*	              T1.1
в_* один_* прекрасный_* момент_*	              T1.2
в_* основном_*	                                A4.2- A13.2
в_* остальном_*	                                N5.1-
в_* ответ_*	                                      S1.1.2+ Q2.2
в_* открытую_*	                                A10+
в_* отличие_*	                                A6.1-
в_* охотку_*	                                X5.2+
в_* память_*	                                X2.2+/S7.2+
в_* покое_*	                                      S5- M1- E3+
в_* полной_* мере_*	                          A13.2
в_* пользу_*	                                S8+
в_* порядке_*	                                A5.1+
в_* порядок_*	                                O4.2+
в_* последнее_* время_*	                          T3---
в_* последний_* момент_*	                    T4-
в_* прайм_* тайм_*	                          Q4.3
в_* преддверии_*	Z5/N4
в_* принципе_*	                                X4.1
в_* рамках_*	                                A1.7+
в_* рамки_*	                                      A1.7+
в_* результате_*	                                A2.2 N2
в_* самом_* деле_*	                          N5.2+
в_* самый_* раз_*	                                T4 A5.3+ A1.2+
в_* свете_*	Z5
в_* свою_* очередь_*	                          S1.1.2+
в_* связи_* с_*	Z5/A2.2
в_* силах_*	                                      S1.2.5+
в_* силе_*	                                      G2.1 S7.1+ S1.2.5+
в_* силу_*	Z5/A2.2
в_* состоянии_*	                                X9.1+ S1.2.5+
в_* среднем_*	                                A6.2+
в_* стороне_*	                                N3.3+ A1.8- S1.1.3-
в_* сторонке_*	                                N3.3+ A1.8- S1.1.3-
в_* сущности_*	                                A11.1+
в_* такую_* рань_*	                          T4+++
в_* тенечке_*	                                M7
в_* тени_*	                                      A10- M7
в_* течение_*	Z5/T1.3
в_* том_* числе_*	A1.8+
в_* угоду_*	                                      E4.2+
в_* унисон_*	                                K2 A6.1+
в_* упор_*	                                      M6
в_* ходе_*	Z5/T1.3
в_* худшем_* случае_*	                          A5.1-
в_* целом_*	                                      N5.1+ A13.2
в_* частности_*	                                A14 A4.2+
в_* силу_* того_* что_*	Z5/A2.2
в_* случае_* если_*	Z5/A2.2
в_* то_* время_* как_*	Z5/T1.1.2
ввиду_* того_* что_*	Z5/A2.2
вместо_* того_* что_*	Z5
вместо_* того_* чтобы_*	Z5
вне_* {всякого} закона_*	                    G2.1-
вне_* {всякого} сомнения_*                        A7+
вне_* времени_*                                   T1-
вне_* времени_* и_* пространства_*	              A3/W1
вне_* игры_*	                                K5 K1
вне_* конкуренции_*	                          A5.1+++
вне_* опасности_*	                                A15+
вне_* подозрений_*	                          G2.1+ G2.2+
вне_* сомнения_*	                                A7+
во_* весь_* голос_*	                          X3.2+ A10+
во_* весь_* опор_*	                          N3.8+++
во_* всю_* ширь_*	                                N3.2+++ N3.7+++
во_* всяком_* случае_*	                          A1.3+
во_* главе_*	                                S7.1+ M6
во_* главу_* угла_*	                          A11.1+++
во_* избежание_*	                                Z5/A1.9
во_* что_* бы_* то_* ни_* стало_* _*	        A11.1+++
вокруг_* да_* около_*	                          A4.2-
вокруг_* света_*	                                M7/N5.1+
вокруг_* своей_* оси_*	                          M6
вопреки_* здравому_* смыслу_*	                    S1.2.6-
вопреки_* обыкновению_*	                          A6.2-
вплоть_* до_*	Z5/A1.8+
время_* от_* времени_*	                          N6
вроде_* бы_*	Z5/A8
вроде_* как_*	Z5/A8
все_* едино_*                                     A6.1+ A11.1-
все_* еще_*	                                      T1.1.2
все_* ж_* таки_*	Z5
все_* одно_*                                      A6.1+ A11.1-
все_* равно_*                                     A11.1- Z4 Z5
все_* трын-трава_*                                A11.1-
все_* же_*	Z5
все_* равно_* как_*	Z5/A6.1
все_* равно_* что_*	Z5/A6.1+
выбывать_* из_* строя_*	                          G3/I3.1- K5/I3.1- B2- L1-
выходить_* из_* строя_*	                          A1.1.2
главным_* образом_*	                          A13.2
глядя_* по_*	Z5
да_* и_* то_*	Z5/A1.7+ Z4
даром_* что_*	Z5
для_* {большей} верности_*	                    A1.3+
для_* {пущей/большей} важности_*	              A11.1+
для_* взрослых_*	                                T3+/S2
для_* души_*	                                E4.2+
для_* затравки_*	                                X5.1+
для_* краткости_*	                                N3.7-
для_* маневра_*	                                M1 X4.2/G2.2-
для_* начала_*	                                T2+
для_* оживляжа_*	                                X5.2+
для_* острастки_*	                                E3-/X2.6+
для_* очистки_* совести_*	                    G2.2+
для_* понта_*	                                S1.2.3+
для_* порядка_*	                                G2.1+ O4.2+
для_* приличия_*	                                S1.2.4+ G2.2+ O4.2+
для_* продажи_*	                                I2.2
для_* своего_* времени_*	                    T1.3
для_* служебного_* пользования_*	              I3.1/A1.7+
для_* того,_* чтобы_*	                          Z5/X7+
для_* храбрости_*	                                E5+
для_* широкой_* публики_*	                    S5+/A10+
для_* того_* чтоб_*	Z5/X7+
для_* того_* чтобы_*	Z5/X7+
до_* {логического} завершения_*	              T2-
до_* {логического} конца_*	                    T2-
до_* {мозга} костей_*	                          A13.2
до_* {полной} победы_*	                          T2-/X9.2+
до_* {последней} капли_*	                    N5.1+++
до_* {последней} нитки_*                          A13.2
до_* {самого} горизонта_*	                    N3.3+
до_* абсурда_*	                                S1.2.6-
до_* безумия_*	                                B2-/X1 S1.2.6- X5.2+
до_* белого_* каления_*	                          E3--- Y1
до_* белой_* горячки_*	                          B2-/X1
до_* блеска_*	                                O4.2+
до_* востребования_*	                          Q1.2
до_* глубины_* души_*	                          A13.3/E1
до_* гробовой_* доски_*	                          A13.3/T2
до_* дрожи_*	                                X7+ B1
до_* завтра_*	                                Z4/S1.1.1 T1.1.3
до_* зарезу_*	                                A13.3
до_* зубов_*	                                G3
до_* каких_* пор_*	                          T1.3
до_* какой_* степени_*	                          A13.1
до_* кондиции_*	                                A5.1+++
до_* конца_*	                                A13.2
до_* краев_*	                                N5.1+++ A13.2
до_* крови_*	                                A13.3 B1
до_* крови_* из_* носа_*	                    A13.3
до_* кучи_*	                                      N5+
до_* лампочки_*	                                X5.2-/Z4
до_* лучших_* времен_*	                          T1.1.3/A5.1+
до_* мелких_* деталей_*	                          A4.2+
до_* мелких_* подробностей_*	                    A4.2+
до_* мелочей_*	                                A13.2 A4.2+
до_* минимума_*	                                A13.7
до_* настоящего_* времени_*	                    T1.1.2
до_* настоящего_* времени_*	                    T1.1.2
до_* нашей_* эры_*	                          T1.1.1
до_* нашей_* эры_*	                          T1.1.1
до_* наших_* дней_*	                          T1.1.1
до_* наших_* дней_*	                          T1.1.1
до_* недавнего_* времени_*	                    T1.1.1
до_* недавнего_* времени_*	                    T1.1.1
до_* недавних_* пор_*	                          T1.1.1
до_* недавних_* пор_*	                          T1.1.1
до_* неприличия_*	                                S1.2.4- Z4
до_* одури_*	                                A13.2
до_* основания_*	                                A13.2
до_* отвала_*	                                N5.1+++/F1
до_* отвалу_*	                                N5.1+++/F1
до_* отказа_*	                                N5.1+++ A13.2
до_* победного_* конца_*	                    T2-/X9.2+
до_* полусмерти_*	                                A1.1.2/B2 A13.2
до_* поры_*	                                      T1.1.1/N4
до_* поры_* до_* времени_*	                    T1.3
до_* последнего_* вздоха_*	                    L1- A13.2
до_* последнего_* времени_*	                    T1.1.1
до_* последнего_* времени_*	                    T1.1.1
до_* последнего_* момента_*	                    T1.1.1
до_* последнего_* момента_*	                    T1.1.1
до_* последнего_* патрона_*	                    T2- A13.2
до_* последней_* минуты_*                         T2-
до_* последних_* дней_*	                          T1.1.1
до_* последних_* дней_*	                          T1.1.1
до_* пояса_*	                                N3.7 B5-
до_* предела_*	                                N5.1+++ A13.2
до_* пят_*	                                      N3.7
до_* свидания_*	                                Z4/S1.1.1
до_* свиданья_*	                                Z4/S1.1.1
до_* седых_* волос_*	                          T1.3+
до_* седьмого_* колена_*	                    S4
до_* седьмого_* пота_*	                          A13.3
до_* синевы_*	                                O4.2 A13.3
до_* сих_* пор_*	                                T1.3
до_* слез_*	                                      E4.1- A13.3
до_* смерти_*	                                L1- A13.2
до_* странности_*	                                A6.2-
до_* тех_* пор_*	                                T1.1.1
до_* упаду_*	                                A13.2
до_* упора_*	                                A1.7+ N5.1+++ A13.2
до_* ушей_*	                                      N3.2+
до_* фени_*	                                      X5.2-/Z4
до_* фонаря_*                                     X5.2-/Z4
до_* хрипоты_*	                                X3.2 A13.3
до_* хруста_*	                                X3.2 S1.2.5+
до_* чертиков_*	                                A13.3
добро_* б_*	Z5
добро_* бы_*	Z5
должно_* быть_*	Z5/A7+
другими_* словами_*	Z4/Q2.2
если_* б_*	Z7
если_* бы_*	Z7
за_* *_A-PRO спиной_*	                          A10-
за_* *_A-PRO счет_*	                          I1.2
за_* {ADV} *_A плату_*                            I1.3
за_* {A} плату_*                                  I1.3
за_* {каменной} стеной_*	                    A15+
за_* {редким} исключением_*	                    A1.8-
за_* {явным/подавляющим} преимуществом_*	        A5.1+/S7.3 K5 G3
за_* бесценок_*	                                I1.3---
за_* бортом_*	                                M6/M4 A1.8-
за_* бугор_*	                                M6
за_* бугром_*	                                M7
за_* ваше_* здоровье_*	                          Z4/S1.1.1/F2
за_* глаза_*	                                A10-
за_* горизонтом_*	                                M6/N3.3+++
за_* город_*	                                M6
за_* границей_*	                                M7
за_* границу_*	                                M6
за_* гроши_*	                                I1.3---
за_* грудки_*	                                S7.1+
за_* долгое_* время_*	                          T1.3+
за_* жабры_*	                                S7.1+
за_* заработную_* плату_*                         I1.1/I3.1
за_* здравие_*	                                Z4/S1.1.1/S9 L1+
за_* кадром_*	                                A1.8-/Q4.3
за_* казенный_* счет_*	                          I1.2
за_* какие_* грехи_*	                          S9 G2.2-
за_* колючей_* проволокой_*	                    A1.7+
за_* кордон_*	                                M6
за_* короткий_* срок_*	                          T1.3-
за_* круглым_* столом_*	                          Q2.1
за_* кулисами_*	                                M6/K4 A10-
за_* милую_* душу_*	                          X5.2+
за_* много_* лет_*	                          T1.3+
за_* неимением_*	                                A9-
за_* океан_*	                                M6/M4
за_* околицей_*	                                M7
за_* пазухой_*	                                M6/B1
за_* плечами_*	                                M6/B1 T1.1.1/A3+ N3.3-
за_* подписью_*	                                Q1.2
за_* полярным_* кругом_*	                    M6 W3
за_* пределами_*	                                A1.8- A1.7-
за_* пределом_*	                                A1.8- A1.7-
за_* рамки_*	                                A1.7-
за_* решеткой_*	                                A1.7+
за_* рубежом_*	                                M7
за_* рулем_*	                                M3
за_* свою_* шкуру_*	                          S1.2.3+
за_* соломинку_*	                                A7-
за_* счет_*	                                      Z5
за_* углом_*	                                M6
за_* упокой_*	                                Z4/S1.1.1/S9 L1-
за_* чистую_* монету_*	                          A5.4+
за_* чужой_* счет_*	                          I1.2
за_* шиворот_*	                                A1.1.1/S7.1+
за_* шкирку_*	                                A1.1.1/S7.1+
загнать_* {S/S-PRO} в_* угол_*	              A1.7+
задолго_* до_*	Z5/N4
заработная_* плата_*                              I1.1/I3.1
и_* так_* далее_*	                                Z4
и_* тому_* подобное_*	                          Z4
и_* то_*	Z5/A1.7+ Z4
из_* {их} числа_*	                                A1.8+
из_* всех_* щелей_*	                          M6
из_* достоверных_* источников_*	              X2.2/A5.4+
из_* другой_* оперы_*	                          A2.2-
из_* небытия_*	                                A3-
из_* первых_* рук_*	                          A5.4+
из_* первых_* уст_*	                          A5.4+
из_* рук_* в_* руки_*	                          M2
из_* рук_* вон_*                                  A5.1-
из_* ряда_* вон_*                                 A6.2-
из_* ряда_* вон_* выходящий_*                     A6.2-
из_* своего_* кармана_*	                          I1.2/S5-
из_* собственного_* кармана_*	                    I1.2/S5-
из_* уст_*	                                      Q2.1
из_* уст_* в_* уста_*                             Q2.1
изо_* всех_* щелей_*	                          M6
иметь_* в_* виду_*	                          X2.1 X6
иными_* словами_*	Z4/Q2.2
к_* {A-PRO} сведению_*	                          X2.2
к_* {A-PRO} удивлению_*	                          X2.6-
к_* {A-PRO} услугам_*	                          S8+
к_* {A/A-PRO} изумлению_*	                    X2.6-
к_* {A/A-PRO} матери_*	                          Z4/S1.2.4-
к_* {A/A-PRO} сожалению_*	                    E4.1-
к_* {A/A-PRO} столу_*	                          F1 H5
к_* {A} несчастью_*	                          A1.4- A5.1- E4.1-
к_* {A} счастью_*	                                A1.4+ A5.1+ E4.1+
к_* {самому} лучшему_*	                          A5.1+
к_* {самому} худшему_*	                          A5.1-
к_* делу_*	                                      A1.1.1
к_* единому_* мнению_*	                          A6.1+
к_* завтраму_*	                                T1.1.3
к_* завтрему_*	                                T1.1.3
к_* настоящему_* времени_*	                    T1.1.2
к_* общему_* знаменателю_*	                    N2 A6.1+
к_* позорному_* столбу_*	                    G2.1-
к_* примеру_*	                                A4.1
к_* примеру_*	Z5/A4.1
к_* разряду_*	                                A4.1
к_* слову_*	                                      Z4
к_* слову_*	Z4/Q2.2
к_* слову_* пришлось_*                            Z4
к_* слову_* сказать_*	Z4/Q2.2
к_* слову_* сказать_*                             Z4
к_* стенке_*	                                L1-
к_* тому_* же_*	Z5/A1.8+
к_* чертовой_* бабушке_*	                    Z4/S1.2.4-
к_* черту_*	                                      Z4/S1.2.4-
как_* без_* рук_*	                                S8-
как_* будто_*	Z5/A6.1 Z5/A7- Z5/A8 Z7
как_* бы_*	Z7
как_* бы_* не_* так_*	Z5/A6.1- Z4
как_* и_* раньше_*	                          A6.1+/T1.1
как_* правило_*	                                A6.2+
как_* раз_*	Z5/A1.2+ Z5/A14 Z4
как_* только_*	Z5
ко_* всем_* чертям_*	                          Z4/S1.2.4-
ко_* всему_* прочему_*	                          Z4
когда_* б_*	Z7
когда_* бы_*	Z7
коль_* скоро_*	Z7 Z5
ком_* в_* горле_*                                 E1
ком_* к_* горлу_*                                 E1
комок_* в_* горле_*                               E1
комок_* к_* горлу_*                               E1
короче_* говоря_*	Z4/Q2.2
кроме_* того_*	                                Z5
кроме_* как_*	Z5
ладно_* бы_*	Z5
лишь_* бы_*	Z5
мало_* что_*                                      Z8/N5-
мало_* того_* что_*	Z5
между_* прочим_*	Z4
между_* тем_* как_*	Z5/T1.1.2
может_* быть_*	Z5/A7
не_* иначе_*	Z5
не_* иначе_* как_*	Z5
не_* так_* чтобы_*	A5.1- Z5/A7-
не_* то_*	Z5/A7-
не_* то_* что_*	Z5/A6.1-
не_* то_* чтоб_*	Z5/A7-
не_* то_* чтобы_*	Z5/A7-
невзирая_* на_*	Z5
незадолго_* до_*	Z5/N4
несмотря_* на_*	Z5
несмотря_* на_* то_* что_*	Z5
нет_* бы_*	Z5
нет_* чтобы_*	Z5
ну_* а_* 	Z4
одним_* словом_*	Z4/Q2.2
от_* слов_* к_* делу_*	                          A1.1.1
перед_* тем_* как_*	Z5/N4
по_* причине_*	Z5/A2.2
по_* мере_*	Z5/A2.2 Z5/T1.1.2
по_* мере_* того_* как_*	Z5/A2.2 Z5/T1.1.2
подкатываться_* к_* горлу_*	                    B1 E1
подобно_* тому_* как_*	Z5/A6.1+
подступать_* к_* горлу_*	                    B1 E1
после_* того_* как_*	Z5/N4
поставить_* {S/S-PRO} в_* угол_*	              G2.1 S7.1+
поставить_* к_* стенке_*	                    L1-
постольку_* поскольку_*	Z5/A6.1
потому_* как_*	Z5/A2.2
потому_* что_*	Z5/A2.2
почти_* что_*	Z5/A13.4
прежде_* чем_*	Z5/N4
прижать_* к_* стенке_*	                          A1.7+ S7.1+
припереть_* к_* стенке_*	                    A1.7+ S7.1+
равно_* и_* 	Z5/A6.1+
равно_* как_*	Z5/A6.1+
равно_* как_*  и_*	Z5/A6.1+
разве_* только_*	Z7 Z5/A1.7+
разве_* что_*	Z7 Z5/A1.7+
с_* ножом_* к_* горлу_*	                          G2.1- Q2.2/X7-
с_* тем_* чтобы_*	Z5/X7+
с_* тех_* пор_* как_*	Z5/N4
с_* той_* поры_* как_*	Z5/N4
словно_* бы_*	Z5/A6.1+ Z5/A8
смотря_* по_*	Z5/A2.2
судя_* по_*	Z5/A2.2
так_* же_* как_*	Z5/A6.1+
так_* как_*	Z5/A2.2
так_* что_*	Z5/A2.2
таким_* образом_*	Z5/X4.2 Z5/A2.2
тем_* более_*	Z5/A13.3
тем_* более_* что_*	Z5/A13.3
тем_* не_* менее_*	Z5/A6.1-
тем_* паче_*	Z5/A13.3
тем_* паче_* что_*	Z5/A13.3
то_* бишь_* 	Z5/A4.2+ Z5/A5.3+ Z5/A14
то_* есть_*	Z5/A4.2+ Z5/A5.3+ Z5/A14
тогда_* как_*	Z5/A6.1-
хоть_* бы_*	Z5/A14 Z5/X7+ Z5/A4.1 Z4
хотя_* бы_*	Z5/A14 Z5/X7+ Z5/A4.1 Z4
что_* за_*	Z4
что_* ли_*	Z5/A7-
что_* касается_*	Z4/Q2.2
чуть_* ли_* не_* 	Z5/A7- Z5/N5.1-
шутка_* ли_*	Z4/Q2.2
шутка_* ли_* сказать_*	Z4/Q2.2
﻿без_* {всяк*} билет*_* 	M3/Q1.2-




